{
  "R": [
    [
      0.9334972911630666,
      -0.2131329371384497,
      0.28836982938226247
    ],
    [
      -0.3553602141113826,
      -0.6574567840391679,
      0.6644318590702794
    ],
    [
      0.047978386987576706,
      -0.7227205049170895,
      -0.6894730931330515
    ]
  ],
  "t": [
    -614.8477821927287,
    -804.007421215319,
    1361.8146809187454
  ],
  "T": [
    [
      0.9334972911630666,
      -0.2131329371384497,
      0.28836982938226247,
      -614.8477821927287
    ],
    [
      -0.3553602141113826,
      -0.6574567840391679,
      0.6644318590702794,
      -804.007421215319
    ],
    [
      0.047978386987576706,
      -0.7227205049170895,
      -0.6894730931330515,
      1361.8146809187454
    ],
    [
      0.0,
      0.0,
      0.0,
      1.0
    ]
  ]
}