{
  "R": [
    [
      0.8841464089183748,
      -0.2817682026118762,
      0.37268191208269685
    ],
    [
      -0.46334454921895757,
      -0.6312013493115691,
      0.6220101971321178
    ],
    [
      0.059974630518438155,
      -0.7226282146609885,
      -0.6886301671216919
    ]
  ],
  "t": [
    -570.9408866209195,
    -892.128176520456,
    1352.1988046301806
  ],
  "T": [
    [
      0.8841464089183748,
      -0.2817682026118762,
      0.37268191208269685,
      -570.9408866209195
    ],
    [
      -0.46334454921895757,
      -0.6312013493115691,
      0.6220101971321178,
      -892.128176520456
    ],
    [
      0.059974630518438155,
      -0.7226282146609885,
      -0.6886301671216919,
      1352.1988046301806
    ],
    [
      0.0,
      0.0,
      0.0,
      1.0
    ]
  ]
}